"System","Days","TotalPnlBps","AvgDailyReturnBps","MinuteSharpe","ScaledDailySharpe","WinDayRate","WorstDrawdownBps","TradeCount","TradeWinRate"
"Base system (no decision engine)","30","7004.7369","233.49123","0.593942613688892","4.60065970283997","0.966666666666667","-24.7019","17690","0.52023742227247"
"HMM only","30","3892.2399","129.74133","0.592330630368517","4.58817333373162","1","-12.9589","17391","0.522454142947502"
"HMM + Hawkes","30","3852.5916","128.41972","0.700837952018663","5.42866743311679","1","-7.8761","17361","0.528368181556362"
"Full system (HMM + Hawkes + volatility scaling)","30","1364.2297","45.4743233333333","0.726854530482415","5.63019098334761","1","-2.4728","16243","0.565104968294034"
