"Label","Days","TotalPnlBps","AvgDailyReturnBps","MinuteSharpe","DailyEquivalentSharpe","DailyReturnSharpe","AnnualizedSharpe","SharpeStd","WinRate","WorstDrawdownBps","TradeCount","AvgDailyTrades"
"Full Portfolio Heuristic All Days","30","7004.7369","233.49123","0.593942613688892","4.60065970283997","1.30705425845082","20.7488431075729","0.377836295147825","0.966666666666667","-24.7019","17690","589.666666666667"
"Market Making Only All Days","30","8944.5004","298.150013333333","0.741873213603846","5.74652520257014","1.40159645304483","22.2496539193611","0.333747018739106","1","-11.4796","15352","511.733333333333"
"Full Portfolio Heuristic OOS","15","3132.4949","208.832993333333","0.727486421993032","5.63508559394207","1.377219273361","21.8626781887098","0.379160580757019","1","-24.7019","8454","563.6"
"Full Portfolio ML OOS","15","4088.0824","272.538826666667","0.787949875120484","6.1034334879757","1.6197071583008","25.7120540256903","0.322065921527758","1","-6.1547","4952","330.133333333333"
